{
  "mean": [
    21.753410248600193,
    5.051467270102476,
    9.964557502975554,
    3.906186028182702,
    7.934861058242888,
    1.711623379329533,
    1.6260487354153212,
    3.232623636686232,
    5.190129045684866
  ],
  "scale": [
    5.477851792474112,
    2.9644608794124263,
    11.983541292070731,
    5.49373254780357,
    4.248214123459073,
    1.5298242087715417,
    0.9992553057764303,
    3.4314081260842455,
    4.9901304665097586
  ],
  "features": [
    "acc_max",
    "gyro_max",
    "acc_kurtosis",
    "gyro_kurtosis",
    "lin_max",
    "acc_skewness",
    "gyro_skewness",
    "post_gyro_max",
    "post_lin_max"
  ]
}